,Date,Total Confirmed,Total Deaths,New Confirmed,New Deaths,Total Vaccinations,People Vaccinated,People Fully Vaccinated,New Total Vaccinations,New People Vaccinated,New People Fully Vaccinated
0,1/1/21,84296697,1890332,566619.0,9664.0,7364459.0,7232023.0,38011.0,205634.0,198771.0,5419.0
1,1/10/21,90574020,1999100,590669.0,8767.0,20354862.0,18314803.0,1832207.0,521927.0,375734.0,74896.0
2,1/11/21,91190618,2009143,616598.0,10043.0,22498197.0,19098867.0,1944266.0,1728495.0,1263337.0,361921.0
3,1/12/21,91891692,2026274,701074.0,17131.0,24678016.0,20767221.0,2311197.0,2179691.0,1668226.0,366931.0
4,1/13/21,92642869,2043165,751177.0,16891.0,38337247.0,23862147.0,2658594.0,2559821.0,2064573.0,346365.0
5,1/14/21,93402981,2058638,760112.0,15473.0,30102647.0,25136994.0,2874877.0,2916097.0,2258711.0,216283.0
6,1/15/21,94176478,2073701,773497.0,15063.0,33127122.0,27296438.0,3043773.0,2837197.0,2172980.0,166883.0
7,1/16/21,94824441,2087459,647963.0,13758.0,34124897.0,27945892.0,3146681.0,1704957.0,1408209.0,102864.0
8,1/17/21,95353461,2096559,529020.0,9100.0,34805035.0,28717644.0,3305103.0,978417.0,698092.0,154540.0
9,1/18/21,95867502,2106276,514041.0,9717.0,38056410.0,31192641.0,3702758.0,2178101.0,1540058.0,391570.0
10,1/19/21,96467166,2122919,599664.0,16643.0,41107679.0,33414674.0,4283275.0,3017778.0,2186010.0,580649.0
11,1/2/21,84902338,1898815,605641.0,8483.0,8656474.0,8515299.0,40706.0,439132.0,430393.0,2695.0
12,1/20/21,97164900,2140926,697734.0,18007.0,59617803.0,35981601.0,4981854.0,3265021.0,2326698.0,693705.0
13,1/21/21,97822391,2158034,657491.0,17108.0,48206654.0,38626515.0,5573158.0,3637767.0,2832705.0,596559.0
14,1/22/20,557,17,557.0,17.0,0.0,0.0,0.0,0.0,0.0,0.0
15,1/22/21,98483066,2174181,660675.0,16147.0,52050379.0,41795190.0,5957951.0,3570433.0,2960334.0,384793.0
16,1/23/20,655,18,98.0,1.0,0.0,0.0,0.0,0.0,0.0,0.0
17,1/23/21,99058140,2188157,575074.0,13976.0,53458982.0,42579481.0,6208347.0,2470349.0,2021332.0,310893.0
18,1/24/20,941,26,286.0,8.0,0.0,0.0,0.0,0.0,0.0,0.0
19,1/24/21,99516881,2197359,458741.0,9202.0,55743253.0,44927888.0,6605530.0,1253583.0,854748.0,301776.0
20,1/25/20,1434,42,493.0,16.0,0.0,0.0,0.0,0.0,0.0,0.0
21,1/25/21,100008095,2208341,491214.0,10982.0,58776751.0,46785934.0,7430615.0,3097625.0,2079505.0,834200.0
22,1/26/20,2118,56,684.0,14.0,0.0,0.0,0.0,0.0,0.0,0.0
23,1/26/21,100564497,2225842,556402.0,17501.0,62363140.0,48987468.0,8407504.0,3409838.0,2150374.0,996004.0
24,1/27/20,2927,82,809.0,26.0,0.0,0.0,0.0,0.0,0.0,0.0
25,1/27/21,101166729,2243170,602232.0,17328.0,89309689.0,51888962.0,9445402.0,4085977.0,2777792.0,1033028.0
26,1/28/20,5578,131,2651.0,49.0,0.0,0.0,0.0,0.0,0.0,0.0
27,1/28/21,101781229,2260166,614500.0,16996.0,71108301.0,55019377.0,10466653.0,4681229.0,3278890.0,1032925.0
28,1/29/20,6167,133,589.0,2.0,0.0,0.0,0.0,0.0,0.0,0.0
29,1/29/21,102373053,2275629,591824.0,15463.0,74105382.0,56866102.0,11101900.0,4441837.0,3069615.0,887113.0
30,1/3/21,85425301,1906416,522963.0,7601.0,8249051.0,8100742.0,43016.0,361308.0,354174.0,2310.0
31,1/30/20,8235,171,2068.0,38.0,0.0,0.0,0.0,0.0,0.0,0.0
32,1/30/21,102894393,2289269,521340.0,13640.0,77537948.0,59307813.0,11712297.0,2994747.0,2183196.0,539796.0
33,1/31/20,9927,213,1692.0,42.0,0.0,0.0,0.0,0.0,0.0,0.0
34,1/31/21,103284064,2298035,389671.0,8766.0,103534524.0,61261008.0,12280289.0,1568850.0,982711.0,318355.0
35,1/4/21,85975609,1916419,550308.0,10003.0,9410217.0,9160764.0,88026.0,1021958.0,964017.0,45001.0
36,1/5/21,86719414,1931825,743805.0,15406.0,11516504.0,10378899.0,175493.0,1300339.0,1198889.0,87467.0
37,1/6/21,87510749,1946930,791335.0,15105.0,12929687.0,11467718.0,346986.0,1424815.0,1236704.0,171484.0
38,1/7/21,88403499,1962084,892750.0,15154.0,14741447.0,13041241.0,625632.0,1717442.0,1349498.0,278646.0
39,1/8/21,89220490,1977355,816991.0,15271.0,16677311.0,14418523.0,986975.0,1811571.0,1360531.0,361343.0
40,1/9/21,89983351,1990333,762861.0,12978.0,26334233.0,14791097.0,1115912.0,893694.0,669007.0,128937.0
41,10/1/20,34330972,1073081,318724.0,8855.0,0.0,0.0,0.0,0.0,0.0,0.0
42,10/1/21,234748387,4793470,539416.0,8613.0,5079001113.0,1732995046.0,1112591023.0,15778408.0,7316112.0,6493957.0
43,10/10/20,37281082,1123845,357727.0,4921.0,0.0,0.0,0.0,0.0,0.0,0.0
44,10/10/21,238333586,4853276,314931.0,4672.0,5999779834.0,2243579928.0,1474918574.0,16371716.0,6987750.0,7571708.0
45,10/11/20,37569099,1127977,288017.0,4132.0,0.0,0.0,0.0,0.0,0.0,0.0
46,10/11/21,238715579,4859104,381993.0,5828.0,5730391330.0,2062735977.0,1393535632.0,14086677.0,5357672.0,6439341.0
47,10/12/20,37860692,1132047,291593.0,4070.0,0.0,0.0,0.0,0.0,0.0,0.0
48,10/12/21,239148881,4867237,433302.0,8133.0,5763261790.0,2082593893.0,1422127591.0,20444795.0,8584976.0,9247465.0
49,10/13/20,38178943,1137400,318251.0,5353.0,0.0,0.0,0.0,0.0,0.0,0.0
50,10/13/21,239612218,4876012,463337.0,8775.0,5749244373.0,2028797193.0,1406094866.0,17959072.0,7052843.0,7638441.0
51,10/14/20,38560722,1143603,381779.0,6203.0,0.0,0.0,0.0,0.0,0.0,0.0
52,10/14/21,240056784,4883982,444566.0,7970.0,6035812436.0,2233149217.0,1527007373.0,16681665.0,6625927.0,6081510.0
53,10/15/20,38968102,1149691,407380.0,6088.0,0.0,0.0,0.0,0.0,0.0,0.0
54,10/15/21,240513864,4891267,457080.0,7285.0,5553247286.0,1971232945.0,1321633913.0,19882574.0,6359767.0,10179753.0
55,10/16/20,39379915,1156016,411813.0,6325.0,0.0,0.0,0.0,0.0,0.0,0.0
56,10/16/21,240851135,4896480,337271.0,5213.0,5223522265.0,1774606007.0,1155449229.0,9594072.0,3305733.0,3785652.0
57,10/17/20,39754653,1161753,374738.0,5737.0,0.0,0.0,0.0,0.0,0.0,0.0
58,10/17/21,241164420,4900716,313285.0,4236.0,6048112305.0,2246883840.0,1548904738.0,11773207.0,4898610.0,4710118.0
59,10/18/20,40071406,1165383,316753.0,3630.0,0.0,0.0,0.0,0.0,0.0,0.0
60,10/18/21,241579187,4907217,414767.0,6501.0,6042043177.0,2219735390.0,1514362837.0,15741945.0,6292227.0,5965033.0
61,10/19/20,40457631,1170292,386225.0,4909.0,0.0,0.0,0.0,0.0,0.0,0.0
62,10/19/21,242021338,4915489,442151.0,8272.0,6075878133.0,2231573232.0,1548172767.0,24393060.0,9136144.0,11501655.0
63,10/2/20,34629139,1078109,298167.0,5028.0,0.0,0.0,0.0,0.0,0.0,0.0
64,10/2/21,235095040,4799292,346653.0,5822.0,5161769162.0,1775611230.0,1151809395.0,15241753.0,7124337.0,6726200.0
65,10/20/20,40846589,1176942,388958.0,6650.0,0.0,0.0,0.0,0.0,0.0,0.0
66,10/20/21,242492536,4924142,471198.0,8653.0,5896994652.0,2114969915.0,1420287259.0,23533803.0,10561670.0,9047801.0
67,10/21/20,41291344,1183799,444755.0,6857.0,0.0,0.0,0.0,0.0,0.0,0.0
68,10/21/21,242949520,4931808,456984.0,7666.0,6245088861.0,2362274831.0,1569004887.0,17904318.0,7031310.0,6350210.0
69,10/22/20,41763786,1189714,472442.0,5915.0,0.0,0.0,0.0,0.0,0.0,0.0
70,10/22/21,243435169,4940000,485649.0,8192.0,5763078591.0,2074708398.0,1343451332.0,21003731.0,7220183.0,9202410.0
71,10/23/20,42261455,1196779,497669.0,7065.0,0.0,0.0,0.0,0.0,0.0,0.0
72,10/23/21,243795462,4945733,360293.0,5733.0,6127885553.0,2297518569.0,2552164693.0,19450862.0,6152519.0,9965305.0
73,10/24/20,42719223,1202682,457768.0,5903.0,0.0,0.0,0.0,0.0,0.0,0.0
74,10/24/21,244111535,4950279,316073.0,4546.0,6100403014.0,2214639044.0,1572920062.0,16354382.0,5774488.0,8322418.0
75,10/25/20,43080496,1206941,361273.0,4259.0,0.0,0.0,0.0,0.0,0.0,0.0
76,10/25/21,244542543,4956930,431008.0,6651.0,6013563002.0,2164514561.0,1508074672.0,12234827.0,3100823.0,4552815.0
77,10/26/20,43565601,1212530,485105.0,5589.0,0.0,0.0,0.0,0.0,0.0,0.0
78,10/26/21,244985323,4964853,442780.0,7923.0,6084575398.0,2221847474.0,1538793364.0,20906433.0,7393186.0,8570277.0
79,10/27/20,44036316,1220012,470715.0,7482.0,0.0,0.0,0.0,0.0,0.0,0.0
80,10/27/21,245497806,4974006,512483.0,9153.0,5982881696.0,2125337416.0,1487070362.0,22440043.0,6901863.0,9577111.0
81,10/28/20,44548434,1227223,512118.0,7211.0,0.0,0.0,0.0,0.0,0.0,0.0
82,10/28/21,245956884,4982553,459078.0,8547.0,6000481823.0,2150043641.0,1509057633.0,21785760.0,6925985.0,8777987.0
83,10/29/20,45099125,1234388,550691.0,7165.0,0.0,0.0,0.0,0.0,0.0,0.0
84,10/29/21,246461713,4990581,504829.0,8028.0,5799767878.0,2057817514.0,2481066714.0,24976158.0,8459818.0,9449468.0
85,10/3/20,34963369,1083563,334230.0,5454.0,0.0,0.0,0.0,0.0,0.0,0.0
86,10/3/21,235401434,4803531,306394.0,4239.0,5700266004.0,2081851459.0,1384336720.0,10711500.0,4919245.0,4698710.0
87,10/30/20,45671261,1242016,572136.0,7628.0,0.0,0.0,0.0,0.0,0.0,0.0
88,10/30/21,246843695,4996541,381982.0,5960.0,5737961861.0,2025502056.0,1391349096.0,29229869.0,9862430.0,12055590.0
89,10/31/20,46149536,1248726,478275.0,6710.0,0.0,0.0,0.0,0.0,0.0,0.0
90,10/31/21,247164535,5000974,320840.0,4433.0,6367550120.0,2175457836.0,1687299440.0,14827639.0,3998660.0,4487551.0
91,10/4/20,35223667,1087589,260298.0,4026.0,0.0,0.0,0.0,0.0,0.0,0.0
92,10/4/21,235845963,4810781,444529.0,7250.0,5684954975.0,2043869664.0,1370595154.0,15264046.0,6217441.0,6658086.0
93,10/5/20,35523108,1094590,299441.0,7001.0,0.0,0.0,0.0,0.0,0.0,0.0
94,10/5/21,236266136,4818197,420173.0,7416.0,5800388295.0,2129039501.0,1412727902.0,20534001.0,8434283.0,9195681.0
95,10/6/20,35849212,1100452,326104.0,5862.0,0.0,0.0,0.0,0.0,0.0,0.0
96,10/6/21,236779095,4827421,512959.0,9224.0,5900858375.0,2168228182.0,1454233117.0,19253371.0,7587312.0,8930588.0
97,10/7/20,36200457,1106356,351245.0,5904.0,0.0,0.0,0.0,0.0,0.0,0.0
98,10/7/21,237211931,4836286,432836.0,8865.0,5934912512.0,2199448203.0,1480578387.0,18468124.0,6367650.0,9512651.0
99,10/8/20,36562098,1112712,361641.0,6356.0,0.0,0.0,0.0,0.0,0.0,0.0
100,10/8/21,237686400,4843846,474469.0,7560.0,5577749510.0,2025055013.0,1321505551.0,21239540.0,8715291.0,10296974.0
101,10/9/20,36923355,1118924,361257.0,6212.0,0.0,0.0,0.0,0.0,0.0,0.0
102,10/9/21,238018655,4848604,332255.0,4758.0,5581631210.0,2015182627.0,1327588430.0,18380240.0,7551246.0,8838922.0
103,11/1/20,46613727,1253847,464191.0,5121.0,0.0,0.0,0.0,0.0,0.0,0.0
104,11/1/21,247587572,5007254,423037.0,6280.0,6149191884.0,2199863286.0,1565397293.0,19270085.0,5626780.0,6737933.0
105,11/10/20,51630682,1328463,560327.0,10037.0,0.0,0.0,0.0,0.0,0.0,0.0
106,11/10/21,251878287,5072972,574104.0,8119.0,6503828067.0,2345581544.0,1650984995.0,28649788.0,7874374.0,8175081.0
107,11/11/20,52282362,1338978,651680.0,10515.0,0.0,0.0,0.0,0.0,0.0,0.0
108,11/11/21,252394195,5080520,515908.0,7548.0,6793756666.0,2502596950.0,1788308991.0,28847663.0,7409788.0,9787421.0
109,11/12/20,52928805,1348746,646443.0,9768.0,0.0,0.0,0.0,0.0,0.0,0.0
110,11/12/21,252988591,5089178,594396.0,8658.0,6275557617.0,2241101636.0,2644810591.0,40891385.0,7152876.0,11310820.0
111,11/13/20,53581886,1358385,653081.0,9639.0,0.0,0.0,0.0,0.0,0.0,0.0
112,11/13/21,253417131,5096019,428540.0,6841.0,5967766947.0,2061244402.0,1433815410.0,25261417.0,5179686.0,8980623.0
113,11/14/20,54181445,1367624,599559.0,9239.0,0.0,0.0,0.0,0.0,0.0,0.0
114,11/14/21,253768445,5100540,351314.0,4521.0,6912839721.0,2566713259.0,1849534892.0,17440788.0,3715068.0,5468610.0
115,11/15/20,54656951,1374220,475506.0,6596.0,0.0,0.0,0.0,0.0,0.0,0.0
116,11/15/21,254308773,5107254,540328.0,6714.0,6638171065.0,2362457696.0,1710627880.0,22141400.0,4256425.0,7115013.0
117,11/16/20,55187492,1382114,530541.0,7894.0,0.0,0.0,0.0,0.0,0.0,0.0
118,11/16/21,254835174,5114874,526401.0,7620.0,6784706235.0,2445170311.0,1780400201.0,24717047.0,5525670.0,8633291.0
119,11/17/20,55799241,1393203,611749.0,11089.0,0.0,0.0,0.0,0.0,0.0,0.0
120,11/17/21,255460040,5124002,624866.0,9128.0,6989490367.0,2540135868.0,1852453643.0,28097895.0,6341359.0,10284235.0
121,11/18/20,56426686,1404651,627445.0,11448.0,0.0,0.0,0.0,0.0,0.0,0.0
122,11/18/21,256072650,5132202,612610.0,8200.0,6445510970.0,2250881870.0,1662691500.0,23689302.0,5028901.0,8252873.0
123,11/19/20,57081149,1415765,654463.0,11114.0,0.0,0.0,0.0,0.0,0.0,0.0
124,11/19/21,256692023,5140519,619373.0,8317.0,5646671880.0,3075977673.0,2357612775.0,18731496.0,4197186.0,6064599.0
125,11/2/20,47175018,1260032,561291.0,6185.0,0.0,0.0,0.0,0.0,0.0,0.0
126,11/2/21,248017061,5014527,429489.0,7273.0,6085000358.0,2176410186.0,1524734116.0,19223161.0,4522588.0,5210005.0
127,11/20/20,57753895,1427564,672746.0,11799.0,0.0,0.0,0.0,0.0,0.0,0.0
128,11/20/21,257168692,5146467,476669.0,5948.0,5288144334.0,1654901625.0,1145844704.0,22168552.0,4320295.0,8902108.0
129,11/21/20,58344854,1436604,590959.0,9040.0,0.0,0.0,0.0,0.0,0.0,0.0
130,11/22/20,58833046,1444041,488192.0,7437.0,0.0,0.0,0.0,0.0,0.0,0.0
131,11/23/20,59355592,1452518,522546.0,8477.0,0.0,0.0,0.0,0.0,0.0,0.0
132,11/24/20,59948735,1465246,593143.0,12728.0,0.0,0.0,0.0,0.0,0.0,0.0
133,11/25/20,60587755,1477391,639020.0,12145.0,0.0,0.0,0.0,0.0,0.0,0.0
134,11/26/20,61176972,1488384,589217.0,10993.0,0.0,0.0,0.0,0.0,0.0,0.0
135,11/27/20,61859794,1499792,682822.0,11408.0,0.0,0.0,0.0,0.0,0.0,0.0
136,11/28/20,62449846,1509082,590052.0,9290.0,0.0,0.0,0.0,0.0,0.0,0.0
137,11/29/20,62939465,1516414,489619.0,7332.0,0.0,0.0,0.0,0.0,0.0,0.0
138,11/3/20,47730993,1269470,555975.0,9438.0,0.0,0.0,0.0,0.0,0.0,0.0
139,11/3/21,248538243,5022844,521182.0,8317.0,6250539089.0,2236331399.0,1604706809.0,25388085.0,6403615.0,7858566.0
140,11/30/20,63443317,1525280,503852.0,8866.0,0.0,0.0,0.0,0.0,0.0,0.0
141,11/4/20,48242377,1279621,511384.0,10151.0,0.0,0.0,0.0,0.0,0.0,0.0
142,11/4/21,249066022,5030500,527779.0,7656.0,6344245835.0,2311407703.0,1627397153.0,25730539.0,5952310.0,7444355.0
143,11/5/20,48839702,1287726,597325.0,8105.0,0.0,0.0,0.0,0.0,0.0,0.0
144,11/5/21,249581338,5039060,515316.0,8560.0,5584215861.0,1902201003.0,2377392410.0,19144005.0,3682505.0,4114059.0
145,11/6/20,49484657,1297465,644955.0,9739.0,0.0,0.0,0.0,0.0,0.0,0.0
146,11/6/21,249995727,5045569,414389.0,6509.0,5690352309.0,1950611842.0,1343939958.0,17813682.0,2491191.0,3490571.0
147,11/7/20,50086533,1305174,601876.0,7709.0,0.0,0.0,0.0,0.0,0.0,0.0
148,11/7/21,250342855,5049974,347128.0,4405.0,6283737148.0,2243469226.0,1604045137.0,18367082.0,4426269.0,4627948.0
149,11/8/20,50571255,1311207,484722.0,6033.0,0.0,0.0,0.0,0.0,0.0,0.0
150,11/8/21,250821351,5056684,478496.0,6710.0,6625383424.0,2420682763.0,1720178148.0,22541298.0,5302051.0,7030860.0
151,11/9/20,51070355,1318426,499100.0,7219.0,0.0,0.0,0.0,0.0,0.0,0.0
152,11/9/21,251304183,5064853,482832.0,8169.0,6371386800.0,2277175355.0,1604448070.0,27098403.0,7525862.0,8095992.0
153,12/1/20,64063276,1538015,619959.0,12735.0,1.0,1.0,0.0,0.0,0.0,0.0
154,12/10/20,70632655,1640067,1503571.0,12664.0,0.0,0.0,0.0,0.0,0.0,0.0
155,12/11/20,71341235,1653142,708580.0,13075.0,0.0,0.0,0.0,0.0,0.0,0.0
156,12/12/20,71983025,1663872,641790.0,10730.0,0.0,0.0,0.0,0.0,0.0,0.0
157,12/13/20,72513174,1671644,530149.0,7772.0,21765.0,18502.0,3865.0,0.0,0.0,0.0
158,12/14/20,73044935,1680727,531761.0,9083.0,26093.0,22693.0,3961.0,4323.0,4186.0,96.0
159,12/15/20,73697450,1694495,652515.0,13768.0,1604025.0,98426.0,4156.0,49428.0,47229.0,195.0
160,12/16/20,74429412,1708355,731962.0,13860.0,236625.0,225592.0,4538.0,161098.0,155664.0,382.0
161,12/17/20,75170933,1721747,741521.0,13392.0,511405.0,493338.0,5100.0,274780.0,267746.0,562.0
162,12/18/20,75892536,1734656,721603.0,12909.0,928687.0,902048.0,6084.0,417282.0,408710.0,984.0
163,12/19/20,76517542,1745652,625006.0,10996.0,1110341.0,1079924.0,7040.0,181599.0,177822.0,955.0
164,12/2/20,64718256,1550697,654980.0,12682.0,0.0,0.0,0.0,0.0,0.0,0.0
165,12/20/20,77049694,1753724,532152.0,8072.0,1222848.0,1190579.0,7689.0,112498.0,110646.0,649.0
166,12/21/20,77590008,1763239,540314.0,9515.0,1636689.0,1598030.0,8853.0,413832.0,407442.0,1163.0
167,12/22/20,78251654,1777417,661646.0,14178.0,2187671.0,2140437.0,11316.0,498982.0,490407.0,2463.0
168,12/23/20,78947929,1791231,696275.0,13814.0,2819016.0,2760211.0,13395.0,644380.0,632809.0,2079.0
169,12/24/20,79630099,1803060,682170.0,11829.0,3113193.0,3049552.0,14310.0,290778.0,285942.0,915.0
170,12/25/20,80110499,1811768,480400.0,8708.0,3169605.0,3105829.0,14398.0,59440.0,59305.0,88.0
171,12/26/20,80618200,1819320,507701.0,7552.0,3347981.0,3281273.0,15008.0,178320.0,175388.0,610.0
172,12/27/20,81051333,1827041,433133.0,7721.0,3619168.0,3549609.0,15594.0,212975.0,210135.0,575.0
173,12/28/20,81539478,1836611,488145.0,9570.0,4396058.0,4310551.0,18723.0,770706.0,758359.0,3116.0
174,12/29/20,82211894,1851755,672416.0,15144.0,5385876.0,5285350.0,23605.0,990993.0,973080.0,4870.0
175,12/3/20,65414870,1563270,696614.0,12573.0,0.0,0.0,0.0,0.0,0.0,0.0
176,12/30/20,82952593,1867361,740699.0,15606.0,6551212.0,6434479.0,29706.0,1153297.0,1136390.0,6101.0
177,12/31/20,83730078,1880668,777485.0,13307.0,11741982.0,7082629.0,32590.0,700586.0,691746.0,2884.0
178,12/4/20,66102685,1575729,687815.0,12459.0,1.0,1.0,0.0,0.0,0.0,0.0
179,12/5/20,66751994,1586073,649309.0,10344.0,0.0,0.0,0.0,0.0,0.0,0.0
180,12/6/20,67289317,1593755,537323.0,7682.0,0.0,0.0,0.0,0.0,0.0,0.0
181,12/7/20,67804742,1602417,515425.0,8662.0,2.0,2.0,0.0,0.0,0.0,0.0
182,12/8/20,68457086,1614743,652344.0,12326.0,0.0,0.0,0.0,0.0,0.0,0.0
183,12/9/20,69129084,1627403,671998.0,12660.0,3.0,3.0,0.0,0.0,0.0,0.0
184,2/1/20,12038,259,2111.0,46.0,0.0,0.0,0.0,0.0,0.0,0.0
185,2/1/21,103727988,2308387,443924.0,10352.0,83262416.0,63128249.0,13393125.0,3115254.0,1762933.0,955932.0
186,2/10/20,42769,1013,2608.0,107.0,0.0,0.0,0.0,0.0,0.0,0.0
187,2/10/21,107691989,2427694,439344.0,14020.0,120007732.0,85900481.0,23896946.0,5415005.0,3388462.0,1606006.0
188,2/11/20,44811,1113,2042.0,100.0,0.0,0.0,0.0,0.0,0.0,0.0
189,2/11/21,108136922,2441378,444933.0,13684.0,125879567.0,89575308.0,26187684.0,5448546.0,3392181.0,1715827.0
190,2/12/20,45229,1118,418.0,5.0,0.0,0.0,0.0,0.0,0.0,0.0
191,2/12/21,108568471,2454486,431549.0,13108.0,128784334.0,94183802.0,26895578.0,6020338.0,3369807.0,1647601.0
192,2/13/20,60381,1371,15152.0,253.0,0.0,0.0,0.0,0.0,0.0,0.0
193,2/13/21,108946687,2464928,378216.0,10442.0,134464681.0,97641760.0,28237062.0,3779531.0,2316899.0,1020999.0
194,2/14/20,66909,1523,6528.0,152.0,0.0,0.0,0.0,0.0,0.0,0.0
195,2/14/21,109246746,2471623,300059.0,6695.0,129024021.0,93042224.0,29930608.0,1715619.0,1166386.0,460163.0
196,2/15/20,69052,1666,2143.0,143.0,0.0,0.0,0.0,0.0,0.0,0.0
197,2/15/21,109533157,2479023,286411.0,7400.0,143252579.0,103092509.0,31054900.0,3276573.0,2124263.0,1056493.0
198,2/16/20,71235,1770,2183.0,104.0,0.0,0.0,0.0,0.0,0.0,0.0
199,2/16/21,109883486,2490480,350329.0,11457.0,147481833.0,105998500.0,32458180.0,5085139.0,3165733.0,1536611.0
200,2/17/20,73270,1868,2035.0,98.0,0.0,0.0,0.0,0.0,0.0,0.0
201,2/17/21,110281377,2502404,397891.0,11924.0,153789445.0,109489043.0,34532290.0,5737593.0,3322863.0,2073499.0
202,2/18/20,75152,2008,1882.0,140.0,0.0,0.0,0.0,0.0,0.0,0.0
203,2/18/21,110689276,2514285,407899.0,11881.0,160287051.0,112553085.0,36571813.0,6369685.0,3800164.0,1969649.0
204,2/19/20,75652,2123,500.0,115.0,0.0,0.0,0.0,0.0,0.0,0.0
205,2/19/21,111103491,2525948,414215.0,11663.0,158714504.0,113921848.0,37128521.0,5585817.0,2917144.0,2093432.0
206,2/2/20,16787,362,4749.0,103.0,0.0,0.0,0.0,0.0,0.0,0.0
207,2/2/21,104188103,2323773,460115.0,15386.0,86986289.0,65483703.0,14431626.0,3677377.0,2183748.0,1163711.0
208,2/20/20,76212,2248,560.0,125.0,0.0,0.0,0.0,0.0,0.0,0.0
209,2/20/21,111479320,2534915,375829.0,8967.0,166561682.0,119633464.0,39108026.0,3547316.0,2127759.0,1259323.0
210,2/21/20,76841,2252,629.0,4.0,0.0,0.0,0.0,0.0,0.0,0.0
211,2/21/21,111800047,2541355,320727.0,6440.0,164992808.0,117563701.0,40591775.0,1798943.0,1048687.0,693633.0
212,2/22/20,78602,2459,1761.0,207.0,0.0,0.0,0.0,0.0,0.0,0.0
213,2/22/21,112089802,2548659,289755.0,7304.0,173609390.0,123325835.0,41720805.0,3565527.0,2087341.0,1393048.0
214,2/23/20,78982,2470,380.0,11.0,0.0,0.0,0.0,0.0,0.0,0.0
215,2/23/21,112481860,2560363,392058.0,11704.0,178571600.0,130121630.0,45958390.0,5193847.0,3185364.0,1810588.0
216,2/24/20,79550,2630,568.0,160.0,0.0,0.0,0.0,0.0,0.0,0.0
217,2/24/21,112930013,2572870,448153.0,12507.0,188876066.0,132971474.0,46914270.0,6277873.0,4037038.0,2049880.0
218,2/25/20,80404,2710,854.0,80.0,0.0,0.0,0.0,0.0,0.0,0.0
219,2/25/21,113381055,2583503,451042.0,10633.0,192287746.0,135124685.0,48442261.0,7194785.0,4459104.0,2525751.0
220,2/26/20,81381,2771,977.0,61.0,0.0,0.0,0.0,0.0,0.0,0.0
221,2/26/21,113828030,2594298,446975.0,10795.0,196145948.0,136590972.0,50773510.0,7002128.0,4317408.0,2466445.0
222,2/27/20,82740,2814,1359.0,43.0,0.0,0.0,0.0,0.0,0.0,0.0
223,2/27/21,114222076,2602931,394046.0,8633.0,201420238.0,140411400.0,51249598.0,4910549.0,3054588.0,1656328.0
224,2/28/20,84128,2873,1388.0,59.0,0.0,0.0,0.0,0.0,0.0,0.0
225,2/28/21,114531076,2609157,309000.0,6226.0,258827127.0,144353025.0,54265549.0,2159882.0,1575626.0,488852.0
226,2/29/20,86022,2943,1894.0,70.0,0.0,0.0,0.0,0.0,0.0,0.0
227,2/3/20,19887,426,3100.0,64.0,0.0,0.0,0.0,0.0,0.0,0.0
228,2/3/21,104715318,2339882,527215.0,16109.0,123235580.0,68600064.0,15987660.0,4729399.0,2936552.0,1415945.0
229,2/4/20,23898,492,4011.0,66.0,0.0,0.0,0.0,0.0,0.0,0.0
230,2/4/21,105184739,2352872,469421.0,12990.0,97803688.0,72357826.0,17562536.0,5667224.0,3648460.0,1579734.0
231,2/5/20,27643,564,3745.0,72.0,0.0,0.0,0.0,0.0,0.0,0.0
232,2/5/21,105720495,2370052,535756.0,17180.0,99798516.0,73439053.0,18121740.0,4663483.0,2889615.0,1419471.0
233,2/6/20,30805,634,3162.0,70.0,0.0,0.0,0.0,0.0,0.0,0.0
234,2/6/21,106102269,2380544,381774.0,10492.0,103195774.0,75637700.0,18978597.0,3357192.0,2329218.0,684258.0
235,2/7/20,34399,719,3594.0,85.0,0.0,0.0,0.0,0.0,0.0,0.0
236,2/7/21,106508061,2388853,405792.0,8309.0,106724856.0,78864917.0,20166154.0,1424246.0,900223.0,374340.0
237,2/8/20,37130,806,2731.0,87.0,0.0,0.0,0.0,0.0,0.0,0.0
238,2/8/21,106821825,2397550,313764.0,8697.0,108756925.0,78870791.0,20853831.0,3545575.0,2206848.0,1121767.0
239,2/9/20,40161,906,3031.0,100.0,0.0,0.0,0.0,0.0,0.0,0.0
240,2/9/21,107252645,2413674,430820.0,16124.0,154911592.0,82370056.0,22677232.0,4376084.0,2651584.0,1411499.0
241,3/1/20,88400,2997,2378.0,54.0,0.0,0.0,0.0,0.0,0.0,0.0
242,3/1/21,114835871,2616813,304795.0,7656.0,211220946.0,146173409.0,54946043.0,4535778.0,3064042.0,1343925.0
243,3/10/20,119055,4271,4823.0,276.0,0.0,0.0,0.0,0.0,0.0,0.0
244,3/10/21,118472160,2701816,469406.0,10135.0,281959172.0,195415583.0,74782366.0,8621147.0,5754078.0,2807025.0
245,3/11/20,126714,4616,7659.0,345.0,0.0,0.0,0.0,0.0,0.0,0.0
246,3/11/21,118951343,2712034,479183.0,10218.0,298255060.0,204449388.0,78558850.0,8654329.0,5420513.0,2834604.0
247,3/12/20,132513,4925,5799.0,309.0,0.0,0.0,0.0,0.0,0.0,0.0
248,3/12/21,119443133,2722020,491790.0,9986.0,291221285.0,200501477.0,79152268.0,10133057.0,6454208.0,3376635.0
249,3/13/20,146864,5417,14351.0,492.0,0.0,0.0,0.0,0.0,0.0,0.0
250,3/13/21,119900175,2730455,457042.0,8435.0,298121747.0,205939888.0,81307828.0,7474261.0,5074182.0,2287652.0
251,3/14/20,157962,5838,11098.0,421.0,0.0,0.0,0.0,0.0,0.0,0.0
252,3/14/21,120264594,2736365,364419.0,5910.0,364685033.0,209586134.0,80944107.0,2955028.0,1996381.0,836635.0
253,3/15/20,169241,6488,11279.0,650.0,0.0,0.0,0.0,0.0,0.0,0.0
254,3/15/21,120613572,2743764,348978.0,7399.0,318221956.0,220038920.0,87041011.0,8996662.0,6405342.0,2443119.0
255,3/16/20,184034,7175,14793.0,687.0,0.0,0.0,0.0,0.0,0.0,0.0
256,3/16/21,121081133,2754397,467561.0,10633.0,318355614.0,216119880.0,85965114.0,9138659.0,5986313.0,2938358.0
257,3/17/20,200039,7991,16005.0,816.0,0.0,0.0,0.0,0.0,0.0,0.0
258,3/17/21,121632735,2764981,551602.0,10584.0,344001257.0,237031968.0,95484467.0,9778120.0,6211098.0,3138567.0
259,3/18/20,219586,8909,19547.0,918.0,0.0,0.0,0.0,0.0,0.0,0.0
260,3/18/21,122176638,2775706,543903.0,10725.0,352301263.0,244338402.0,96314358.0,10188649.0,6978194.0,3013376.0
261,3/19/20,246684,10025,27098.0,1116.0,0.0,0.0,0.0,0.0,0.0,0.0
262,3/19/21,122741006,2786685,564368.0,10979.0,361282412.0,244664552.0,99495693.0,11340256.0,7546265.0,3251542.0
263,3/2/20,90379,3086,1979.0,89.0,0.0,0.0,0.0,0.0,0.0,0.0
264,3/2/21,115149334,2627152,313463.0,10339.0,224088494.0,156435979.0,57271843.0,6353056.0,4277117.0,1782465.0
265,3/20/20,277565,11520,30881.0,1495.0,0.0,0.0,0.0,0.0,0.0,0.0
266,3/20/21,123242514,2795421,501508.0,8736.0,447295618.0,258301458.0,101846387.0,8458204.0,6201549.0,1926993.0
267,3/21/20,309680,13243,32115.0,1723.0,0.0,0.0,0.0,0.0,0.0,0.0
268,3/21/21,123679428,2803933,436914.0,8512.0,364354290.0,252682588.0,100764178.0,3465961.0,2393809.0,769571.0
269,3/22/20,344821,14927,35141.0,1684.0,0.0,0.0,0.0,0.0,0.0,0.0
270,3/22/21,124095742,2811758,416314.0,7825.0,466752589.0,268061072.0,104859614.0,9548764.0,7086165.0,2227612.0
271,3/23/20,387488,16885,42667.0,1958.0,0.0,0.0,0.0,0.0,0.0,0.0
272,3/23/21,124611607,2823328,515865.0,11570.0,475311798.0,265922691.0,107210627.0,13782981.0,7887621.0,3101707.0
273,3/24/20,428574,19195,41086.0,2310.0,0.0,0.0,0.0,0.0,0.0,0.0
274,3/24/21,125247074,2833754,635467.0,10426.0,484783757.0,276871294.0,108347292.0,14295964.0,7432908.0,3391245.0
275,3/25/20,479663,22019,51089.0,2824.0,0.0,0.0,0.0,0.0,0.0,0.0
276,3/25/21,125900465,2845396,653391.0,11642.0,501621880.0,284447654.0,111848023.0,16653777.0,7475079.0,3417666.0
277,3/26/20,542525,25059,62862.0,3040.0,0.0,0.0,0.0,0.0,0.0,0.0
278,3/26/21,126543392,2858287,642927.0,12891.0,523614490.0,293466965.0,118545500.0,18279198.0,8300842.0,3702534.0
279,3/27/20,607435,28544,64910.0,3485.0,0.0,0.0,0.0,0.0,0.0,0.0
280,3/27/21,127129215,2868451,585823.0,10164.0,522087048.0,289771520.0,115170682.0,13355304.0,5944469.0,2187534.0
281,3/28/20,677100,32380,69665.0,3836.0,0.0,0.0,0.0,0.0,0.0,0.0
282,3/28/21,127604646,2875735,475431.0,7284.0,513485034.0,278831298.0,108687581.0,8227231.0,2533411.0,1049812.0
283,3/29/20,734000,35857,56900.0,3477.0,0.0,0.0,0.0,0.0,0.0,0.0
284,3/29/21,128062270,2884147,457624.0,8412.0,554834262.0,306273964.0,122169700.0,11087598.0,4281439.0,2054419.0
285,3/3/20,92980,3160,2601.0,74.0,0.0,0.0,0.0,0.0,0.0,0.0
286,3/3/21,115592973,2638989,443639.0,11837.0,232087849.0,161476302.0,61038192.0,7854735.0,5284529.0,2390029.0
287,3/30/20,799279,39938,65279.0,4081.0,0.0,0.0,0.0,0.0,0.0,0.0
288,3/30/21,128632258,2896279,569988.0,12132.0,574202928.0,309216571.0,127714782.0,13874655.0,6480121.0,3106481.0
289,3/31/20,876098,44670,76819.0,4732.0,0.0,0.0,0.0,0.0,0.0,0.0
290,3/31/21,129316957,2909112,684699.0,12833.0,609430981.0,338099412.0,136202477.0,17911744.0,8236244.0,3968392.0
291,3/4/20,95282,3255,2302.0,95.0,0.0,0.0,0.0,0.0,0.0,0.0
292,3/4/21,116049300,2649290,456327.0,10301.0,243056316.0,167089995.0,62453119.0,9046445.0,6097404.0,2809924.0
293,3/5/20,98100,3348,2818.0,93.0,0.0,0.0,0.0,0.0,0.0,0.0
294,3/5/21,116499181,2659905,449881.0,10615.0,242744022.0,167943134.0,63854263.0,8671264.0,5857776.0,2648165.0
295,3/6/20,102016,3461,3916.0,113.0,0.0,0.0,0.0,0.0,0.0,0.0
296,3/6/21,116914349,2668055,415168.0,8150.0,236647042.0,163576615.0,63138366.0,6033691.0,4456933.0,1633589.0
297,3/7/20,106113,3565,4097.0,104.0,0.0,0.0,0.0,0.0,0.0,0.0
298,3/7/21,117286986,2673942,372637.0,5887.0,245651296.0,168505830.0,64462454.0,2176817.0,1590894.0,580463.0
299,3/8/20,110051,3805,3938.0,240.0,0.0,0.0,0.0,0.0,0.0,0.0
300,3/8/21,117587273,2681059,300287.0,7117.0,255070330.0,176029629.0,67738505.0,6590883.0,4682838.0,1792285.0
301,3/9/20,114232,3995,4181.0,190.0,0.0,0.0,0.0,0.0,0.0,0.0
302,3/9/21,118002754,2691681,415481.0,10622.0,265387725.0,184394299.0,69606609.0,7569963.0,5223313.0,2262029.0
303,4/1/20,959013,50684,82915.0,6014.0,0.0,0.0,0.0,0.0,0.0,0.0
304,4/1/21,130030615,2921567,713658.0,12455.0,603434332.0,325455185.0,135916817.0,20833704.0,9437441.0,4465385.0
305,4/10/20,1655623,110337,85390.0,7417.0,0.0,0.0,0.0,0.0,0.0,0.0
306,4/10/21,135792406,3026629,668322.0,13063.0,771864639.0,420898486.0,172029026.0,14799434.0,8102723.0,3548325.0
307,4/11/20,1730100,116623,74477.0,6286.0,0.0,0.0,0.0,0.0,0.0,0.0
308,4/11/21,136484739,3035638,692333.0,9009.0,761944434.0,416498320.0,167068915.0,9980355.0,5225436.0,1839388.0
309,4/12/20,1849635,122563,119535.0,5940.0,0.0,0.0,0.0,0.0,0.0,0.0
310,4/12/21,137098603,3045480,613864.0,9842.0,801504265.0,437491570.0,176762657.0,16634290.0,8270750.0,3784223.0
311,4/13/20,1920621,128582,70986.0,6019.0,0.0,0.0,0.0,0.0,0.0,0.0
312,4/13/21,137880134,3059369,781531.0,13889.0,824284328.0,448992425.0,184902434.0,19595959.0,10717865.0,4861088.0
313,4/14/20,2004469,135687,83848.0,7105.0,0.0,0.0,0.0,0.0,0.0,0.0
314,4/14/21,138696609,3073417,816475.0,14048.0,836323571.0,451400844.0,188632977.0,17733633.0,9301115.0,4479848.0
315,4/15/20,2082629,144231,78160.0,8544.0,0.0,0.0,0.0,0.0,0.0,0.0
316,4/15/21,139513723,3087082,817114.0,13665.0,829280395.0,444254485.0,185737488.0,17218229.0,8109289.0,4443515.0
317,4/16/20,2178015,151650,95386.0,7419.0,0.0,0.0,0.0,0.0,0.0,0.0
318,4/16/21,140371900,3100385,858177.0,13303.0,817746886.0,431842604.0,182431983.0,16364245.0,7740071.0,4463872.0
319,4/17/20,2266210,160151,88195.0,8501.0,0.0,0.0,0.0,0.0,0.0,0.0
320,4/17/21,141159911,3112889,788011.0,12504.0,835712444.0,439988049.0,189404107.0,11558810.0,5669205.0,3041616.0
321,4/18/20,2343459,166353,77249.0,6202.0,0.0,0.0,0.0,0.0,0.0,0.0
322,4/18/21,141846923,3122129,687012.0,9240.0,864306787.0,465883596.0,193243233.0,7532867.0,3041935.0,1806799.0
323,4/19/20,2420285,171704,76826.0,5351.0,0.0,0.0,0.0,0.0,0.0,0.0
324,4/19/21,142539984,3133036,693061.0,10907.0,914340399.0,490144473.0,209261444.0,13502170.0,6057316.0,4174536.0
325,4/2/20,1041924,56576,82911.0,5892.0,0.0,0.0,0.0,0.0,0.0,0.0
326,4/2/21,130667158,2932220,636543.0,10653.0,636080897.0,344921911.0,141511958.0,18621655.0,8079298.0,3201510.0
327,4/20/20,2495724,177752,75439.0,6048.0,0.0,0.0,0.0,0.0,0.0,0.0
328,4/20/21,143394238,3147353,854254.0,14317.0,797356567.0,398120088.0,200879723.0,13121881.0,5065440.0,3816922.0
329,4/21/20,2571680,185154,75956.0,7402.0,0.0,0.0,0.0,0.0,0.0,0.0
330,4/21/21,144285824,3162293,891586.0,14940.0,947707313.0,505905088.0,219134117.0,15992536.0,5930003.0,4607889.0
331,4/22/20,2653519,192181,81839.0,7027.0,0.0,0.0,0.0,0.0,0.0,0.0
332,4/22/21,145185552,3176171,899728.0,13878.0,977156163.0,518429150.0,227117703.0,21788506.0,8222644.0,6213251.0
333,4/23/20,2737033,199179,83514.0,6998.0,0.0,0.0,0.0,0.0,0.0,0.0
334,4/23/21,146089805,3191345,904253.0,15174.0,853835458.0,406431192.0,211121395.0,17184580.0,6650397.0,5235247.0
335,4/24/20,2820960,206093,83927.0,6914.0,0.0,0.0,0.0,0.0,0.0,0.0
336,4/24/21,146912334,3204619,822529.0,13274.0,802164996.0,375670308.0,197740316.0,11480233.0,3949629.0,3113773.0
337,4/25/20,2903927,211977,82967.0,5884.0,0.0,0.0,0.0,0.0,0.0,0.0
338,4/25/21,147637461,3215268,725127.0,10649.0,1009324691.0,534071263.0,235969836.0,8543488.0,2185367.0,1485502.0
339,4/26/20,2975368,216230,71441.0,4253.0,0.0,0.0,0.0,0.0,0.0,0.0
340,4/26/21,148319146,3226890,681685.0,11622.0,1025614203.0,534870123.0,242036686.0,16497774.0,6468018.0,5122223.0
341,4/27/20,3045572,221160,70204.0,4930.0,0.0,0.0,0.0,0.0,0.0,0.0
342,4/27/21,149164508,3241884,845362.0,14994.0,1042912065.0,540525681.0,244651908.0,19423424.0,6988619.0,5602819.0
343,4/28/20,3121378,227995,75806.0,6835.0,0.0,0.0,0.0,0.0,0.0,0.0
344,4/28/21,150072798,3257957,908290.0,16073.0,1089371308.0,564744131.0,258580234.0,22898782.0,8222307.0,6245600.0
345,4/29/20,3198366,234942,76988.0,6947.0,0.0,0.0,0.0,0.0,0.0,0.0
346,4/29/21,150969860,3273699,897062.0,15742.0,1093816531.0,560532304.0,260872009.0,24123652.0,7643681.0,6706766.0
347,4/3/20,1126239,62754,84315.0,6178.0,0.0,0.0,0.0,0.0,0.0,0.0
348,4/3/21,131198832,2941569,531674.0,9349.0,639294314.0,347543953.0,139898388.0,11562551.0,6266882.0,2292049.0
349,4/30/20,3281736,240996,83370.0,6054.0,0.0,0.0,0.0,0.0,0.0,0.0
350,4/30/21,151850370,3287773,880510.0,14074.0,1084993473.0,548874597.0,261841260.0,24744360.0,7077052.0,5815539.0
351,4/4/20,1185172,68734,58933.0,5980.0,0.0,0.0,0.0,0.0,0.0,0.0
352,4/4/21,131754927,2948882,556095.0,7313.0,653000584.0,358372782.0,141498235.0,8848932.0,4467469.0,911928.0
353,4/5/20,1256278,73977,71106.0,5243.0,0.0,0.0,0.0,0.0,0.0,0.0
354,4/5/21,132240685,2956548,485758.0,7666.0,673921890.0,368101290.0,146931360.0,13600937.0,7745932.0,3014329.0
355,4/6/20,1330152,79912,73874.0,5935.0,0.0,0.0,0.0,0.0,0.0,0.0
356,4/6/21,132846163,2969160,605478.0,12612.0,693933909.0,378082014.0,154079779.0,16987163.0,9758474.0,4072371.0
357,4/7/20,1399553,88223,69401.0,8311.0,0.0,0.0,0.0,0.0,0.0,0.0
358,4/7/21,133532276,2984881,686113.0,15721.0,711481451.0,390011877.0,156550130.0,18134934.0,10153831.0,4925202.0
359,4/8/20,1482877,95052,83324.0,6829.0,0.0,0.0,0.0,0.0,0.0,0.0
360,4/8/21,134373324,2999314,841048.0,14433.0,746174482.0,410175813.0,165256389.0,22770674.0,11634230.0,5214860.0
361,4/9/20,1570233,102920,87356.0,7868.0,0.0,0.0,0.0,0.0,0.0,0.0
362,4/9/21,135124084,3013566,750760.0,14252.0,742513220.0,401521784.0,164603563.0,20937114.0,10251177.0,4982307.0
363,5/1/20,3370333,246467,88597.0,5471.0,0.0,0.0,0.0,0.0,0.0,0.0
364,5/1/21,152649103,3301090,798733.0,13317.0,1100051967.0,550167859.0,260488812.0,12919572.0,4018411.0,3385368.0
365,5/10/20,4111910,293974,75696.0,4041.0,0.0,0.0,0.0,0.0,0.0,0.0
366,5/10/21,159408077,3416007,619070.0,11077.0,1259556968.0,601740379.0,300720937.0,18420296.0,5215431.0,4310665.0
367,5/11/20,4188263,297890,76353.0,3916.0,0.0,0.0,0.0,0.0,0.0,0.0
368,5/11/21,160147524,3430249,739447.0,14242.0,1329233508.0,641658379.0,324725115.0,22767412.0,7093007.0,5624111.0
369,5/12/20,4272702,303770,84439.0,5880.0,0.0,0.0,0.0,0.0,0.0,0.0
370,5/12/21,160908158,3444126,760634.0,13877.0,1316946872.0,621311707.0,319650657.0,25601009.0,7851300.0,6172369.0
371,5/13/20,4357656,309256,84954.0,5486.0,0.0,0.0,0.0,0.0,0.0,0.0
372,5/13/21,161633999,3457842,725841.0,13716.0,1366021173.0,644206566.0,330611713.0,25193473.0,7057150.0,5426265.0
373,5/14/20,4453534,314838,95878.0,5582.0,0.0,0.0,0.0,0.0,0.0,0.0
374,5/14/21,162352048,3470873,718049.0,13031.0,1348535122.0,624614071.0,319587006.0,26456087.0,7376898.0,5134920.0
375,5/15/20,4549685,320474,96151.0,5636.0,0.0,0.0,0.0,0.0,0.0,0.0
376,5/15/21,162981367,3483129,629319.0,12256.0,1356754529.0,621149411.0,318679961.0,22432721.0,6036463.0,3814014.0
377,5/16/20,4643963,325024,94278.0,4550.0,0.0,0.0,0.0,0.0,0.0,0.0
378,5/16/21,163530925,3493373,549558.0,10244.0,1444062486.0,674183826.0,348289479.0,19212689.0,3208432.0,1789014.0
379,5/17/20,4722390,328598,78427.0,3574.0,0.0,0.0,0.0,0.0,0.0,0.0
380,5/17/21,164069809,3504533,538884.0,11160.0,1483783957.0,684434917.0,356617907.0,25645132.0,6434144.0,4046115.0
381,5/18/20,4811104,332747,88714.0,4149.0,0.0,0.0,0.0,0.0,0.0,0.0
382,5/18/21,164692856,3518743,623047.0,14210.0,1493766932.0,681818850.0,352171270.0,26934606.0,7961580.0,5051309.0
383,5/19/20,4907900,337874,96796.0,5127.0,0.0,0.0,0.0,0.0,0.0,0.0
384,5/19/21,165365277,3532319,672421.0,13576.0,1497182932.0,673621467.0,351560883.0,26726233.0,7679429.0,4883635.0
385,5/2/20,3449993,252311,79660.0,5844.0,0.0,0.0,0.0,0.0,0.0,0.0
386,5/2/21,153324721,3311312,675618.0,10222.0,1130443674.0,570328536.0,271297801.0,9312986.0,2329397.0,1876600.0
387,5/20/20,5010021,343067,102121.0,5193.0,0.0,0.0,0.0,0.0,0.0,0.0
388,5/20/21,165645081,3545380,279804.0,13061.0,1571940222.0,709731081.0,370283994.0,31023962.0,8500315.0,5186417.0
389,5/21/20,5116700,348152,106679.0,5085.0,0.0,0.0,0.0,0.0,0.0,0.0
390,5/21/21,166271712,3558409,626631.0,13029.0,1324171203.0,512413960.0,305207589.0,28876160.0,6778055.0,5005115.0
391,5/22/20,5223038,353809,106338.0,5657.0,0.0,0.0,0.0,0.0,0.0,0.0
392,5/22/21,166851116,3569935,579404.0,11526.0,1504543948.0,653970610.0,343220053.0,22734335.0,4910482.0,3764161.0
393,5/23/20,5327487,358105,104449.0,4296.0,0.0,0.0,0.0,0.0,0.0,0.0
394,5/23/21,167328393,3579687,477277.0,9752.0,1571893010.0,684081520.0,358994012.0,19300385.0,3803125.0,1752275.0
395,5/24/20,5422309,361589,94822.0,3484.0,0.0,0.0,0.0,0.0,0.0,0.0
396,5/24/21,167780883,3588734,452490.0,9047.0,1622611896.0,711627133.0,373929858.0,26544464.0,6795346.0,3203177.0
397,5/25/20,5508897,363203,86588.0,1614.0,0.0,0.0,0.0,0.0,0.0,0.0
398,5/25/21,168313738,3601955,532855.0,13221.0,1720969260.0,755267223.0,395868891.0,31729425.0,7746176.0,4437920.0
399,5/26/20,5601704,367844,92807.0,4641.0,0.0,0.0,0.0,0.0,0.0,0.0
400,5/26/21,168883418,3614694,569680.0,12739.0,1705374555.0,731135551.0,379400474.0,35216452.0,9721945.0,5047892.0
401,5/27/20,5705239,373262,103535.0,5418.0,0.0,0.0,0.0,0.0,0.0,0.0
402,5/27/21,169437747,3627701,554329.0,13007.0,1701135054.0,722141370.0,375550127.0,31371533.0,8487796.0,4951152.0
403,5/28/20,5823756,378273,118517.0,5011.0,0.0,0.0,0.0,0.0,0.0,0.0
404,5/28/21,169938347,3639639,500600.0,11938.0,1719377911.0,718178813.0,374494862.0,31213678.0,7691181.0,4863103.0
405,5/29/20,5944871,383420,121115.0,5147.0,0.0,0.0,0.0,0.0,0.0,0.0
406,5/29/21,170420672,3650422,482325.0,10783.0,1766523134.0,738911508.0,385289600.0,29466361.0,7956992.0,3394661.0
407,5/3/20,3524895,256158,74902.0,3847.0,0.0,0.0,0.0,0.0,0.0,0.0
408,5/3/21,154004226,3323037,679505.0,11725.0,1139966534.0,568829705.0,263539361.0,13790027.0,4790067.0,4053403.0
409,5/30/20,6081732,387798,136861.0,4378.0,0.0,0.0,0.0,0.0,0.0,0.0
410,5/30/21,170812524,3658720,391852.0,8298.0,1852295732.0,785514592.0,413014189.0,24923894.0,4497930.0,1896270.0
411,5/31/20,6188463,390953,106731.0,3155.0,0.0,0.0,0.0,0.0,0.0,0.0
412,5/31/21,171191360,3667413,378836.0,8693.0,1907978521.0,800372455.0,420314372.0,31950643.0,6284475.0,3232403.0
413,5/4/20,3602083,260710,77188.0,4552.0,0.0,0.0,0.0,0.0,0.0,0.0
414,5/4/21,154812453,3337118,808227.0,14081.0,1176056763.0,584167325.0,283280886.0,16851006.0,6563361.0,5193408.0
415,5/5/20,3682186,266837,80103.0,6127.0,0.0,0.0,0.0,0.0,0.0,0.0
416,5/5/21,155655299,3352026,842846.0,14908.0,1187641211.0,589426578.0,286477295.0,19369881.0,7504228.0,6671400.0
417,5/6/20,3772588,273722,90402.0,6885.0,0.0,0.0,0.0,0.0,0.0,0.0
418,5/6/21,156525766,3366692,870467.0,14666.0,1217731740.0,599844794.0,295929180.0,22906999.0,7758376.0,6791070.0
419,5/7/20,3861478,279419,88890.0,5697.0,0.0,0.0,0.0,0.0,0.0,0.0
420,5/7/21,157359244,3381153,833478.0,14461.0,1234977592.0,605917293.0,301371243.0,24043351.0,7246336.0,6104080.0
421,5/8/20,3952059,285347,90581.0,5928.0,0.0,0.0,0.0,0.0,0.0,0.0
422,5/8/21,158146474,3394472,787230.0,13319.0,1179670281.0,560840250.0,281497063.0,18588165.0,4684117.0,4268067.0
423,5/9/20,4036214,289933,84155.0,4586.0,0.0,0.0,0.0,0.0,0.0,0.0
424,5/9/21,158789007,3404930,642533.0,10458.0,1199613551.0,575548290.0,286301326.0,11304758.0,2534647.0,1781360.0
425,6/1/20,6284168,394468,95705.0,3515.0,0.0,0.0,0.0,0.0,0.0,0.0
426,6/1/21,171654395,3682756,463035.0,15343.0,1952977283.0,811237573.0,426437687.0,35785710.0,9200935.0,5883247.0
427,6/10/20,7389759,438246,135320.0,5481.0,0.0,0.0,0.0,0.0,0.0,0.0
428,6/10/21,175329833,3776987,449711.0,15994.0,2225519298.0,1509266302.0,468913413.0,37975954.0,10894218.0,6353734.0
429,6/11/20,7527045,443301,137286.0,5055.0,0.0,0.0,0.0,0.0,0.0,0.0
430,6/11/21,175750831,3788797,420998.0,11810.0,2214100259.0,866567656.0,456784171.0,34736991.0,10343861.0,5956524.0
431,6/12/20,7656259,448108,129214.0,4807.0,0.0,0.0,0.0,0.0,0.0,0.0
432,6/12/21,176123687,3798567,372856.0,9770.0,2191211071.0,841592986.0,447227883.0,26966384.0,7360334.0,4179450.0
433,6/13/20,7791267,452550,135008.0,4442.0,0.0,0.0,0.0,0.0,0.0,0.0
434,6/13/21,176427363,3807834,303676.0,9267.0,2312349031.0,929509705.0,485618723.0,24066214.0,6821931.0,2718639.0
435,6/14/20,7924003,456196,132736.0,3646.0,0.0,0.0,0.0,0.0,0.0,0.0
436,6/14/21,176734743,3815697,307380.0,7863.0,2363777969.0,944270976.0,496795308.0,25897414.0,8971384.0,5303187.0
437,6/15/20,8042351,460034,118348.0,3838.0,0.0,0.0,0.0,0.0,0.0,0.0
438,6/15/21,177106097,3826285,371354.0,10588.0,2362795529.0,931238084.0,488173109.0,36873121.0,10616297.0,6149714.0
439,6/16/20,8183996,467130,141645.0,7096.0,0.0,0.0,0.0,0.0,0.0,0.0
440,6/16/21,177504810,3836617,398713.0,10332.0,2423550057.0,958090436.0,505430155.0,39869466.0,11601533.0,6631159.0
441,6/17/20,8328753,472704,144757.0,5574.0,0.0,0.0,0.0,0.0,0.0,0.0
442,6/17/21,177897357,3845916,392547.0,9299.0,2485482406.0,971107683.0,515599048.0,44024202.0,14887159.0,7213543.0
443,6/18/20,8469434,478025,140681.0,5321.0,0.0,0.0,0.0,0.0,0.0,0.0
444,6/18/21,178304245,3855145,406888.0,9229.0,2460196407.0,937951047.0,493500460.0,41802062.0,11232592.0,6407714.0
445,6/19/20,8649622,484407,180188.0,6382.0,0.0,0.0,0.0,0.0,0.0,0.0
446,6/19/21,178653746,3863321,349501.0,8176.0,2513246123.0,956802822.0,502553979.0,35445274.0,9789068.0,4910134.0
447,6/2/20,6405876,399670,121708.0,5202.0,0.0,0.0,0.0,0.0,0.0,0.0
448,6/2/21,172140627,3694663,486232.0,11907.0,1979946516.0,819130379.0,429630275.0,39387953.0,10381819.0,5777627.0
449,6/20/20,8807275,488915,157653.0,4508.0,0.0,0.0,0.0,0.0,0.0,0.0
450,6/20/21,178956142,3870047,302396.0,6726.0,2574572921.0,1008179525.0,532164918.0,30031430.0,7848396.0,3173529.0
451,6/21/20,8936131,493534,128856.0,4619.0,0.0,0.0,0.0,0.0,0.0,0.0
452,6/21/21,179249824,3876898,293682.0,6851.0,2636157595.0,1017824436.0,537236782.0,41578498.0,15853610.0,5812896.0
453,6/22/20,9074332,497252,138201.0,3718.0,0.0,0.0,0.0,0.0,0.0,0.0
454,6/22/21,179621652,3885897,371828.0,8999.0,2614764526.0,940209760.0,506626157.0,43209783.0,12219508.0,7272553.0
455,6/23/20,9241365,502810,167033.0,5558.0,0.0,0.0,0.0,0.0,0.0,0.0
456,6/23/21,180059453,3895430,437801.0,9533.0,2707221420.0,1030037235.0,547077845.0,42072305.0,9790038.0,6835531.0
457,6/24/20,9414275,508369,172910.0,5559.0,0.0,0.0,0.0,0.0,0.0,0.0
458,6/24/21,180464378,3904050,404925.0,8620.0,2739569050.0,1046481314.0,553637714.0,46472075.0,14231570.0,7483840.0
459,6/25/20,9592713,513422,178438.0,5053.0,0.0,0.0,0.0,0.0,0.0,0.0
460,6/25/21,180886324,3913280,421946.0,9230.0,2614478014.0,941199945.0,497594570.0,42335514.0,12382021.0,6506084.0
461,6/26/20,9784445,518498,191732.0,5076.0,0.0,0.0,0.0,0.0,0.0,0.0
462,6/26/21,181252361,3920831,366037.0,7551.0,2676001131.0,964066919.0,514459969.0,38996396.0,11796189.0,5365716.0
463,6/27/20,9963202,523270,178757.0,4772.0,0.0,0.0,0.0,0.0,0.0,0.0
464,6/27/21,181563850,3926926,311489.0,6095.0,2846628194.0,1101856982.0,570718941.0,31816639.0,7286506.0,3633803.0
465,6/28/20,10128228,526801,165026.0,3531.0,0.0,0.0,0.0,0.0,0.0,0.0
466,6/28/21,181892194,3933429,328344.0,6503.0,2921807908.0,1124085149.0,587665387.0,35871057.0,8423760.0,6351013.0
467,6/29/20,10281759,530799,153531.0,3998.0,0.0,0.0,0.0,0.0,0.0,0.0
468,6/29/21,182271854,3941557,379660.0,8128.0,2927340352.0,1117380773.0,580901646.0,40708814.0,13285501.0,8364719.0
469,6/3/20,6520059,405514,114183.0,5844.0,0.0,0.0,0.0,0.0,0.0,0.0
470,6/3/21,172630059,3704521,489432.0,9858.0,2016260513.0,829429865.0,438120920.0,35406064.0,10835769.0,5647108.0
471,6/30/20,10458098,536001,176339.0,5202.0,0.0,0.0,0.0,0.0,0.0,0.0
472,6/30/21,182668855,3950779,397001.0,9222.0,2880919790.0,1057055800.0,565348816.0,35444135.0,8854464.0,7147551.0
473,6/4/20,6650901,410948,130842.0,5434.0,0.0,0.0,0.0,0.0,0.0,0.0
474,6/4/21,173049795,3715481,419736.0,10960.0,1966435952.0,797097066.0,415841154.0,38358296.0,12032108.0,5361644.0
475,6/5/20,6781971,416001,131070.0,5053.0,0.0,0.0,0.0,0.0,0.0,0.0
476,6/5/21,173449067,3724862,399272.0,9381.0,2058023025.0,831092730.0,437438039.0,29814375.0,7310769.0,3822245.0
477,6/6/20,6915859,420215,133888.0,4214.0,0.0,0.0,0.0,0.0,0.0,0.0
478,6/6/21,173772364,3732080,323297.0,7218.0,2091766876.0,859515254.0,449519578.0,23161429.0,5827608.0,2249078.0
479,6/7/20,7028665,423398,112806.0,3183.0,0.0,0.0,0.0,0.0,0.0,0.0
480,6/7/21,174092954,3740127,320590.0,8047.0,2061121740.0,817738515.0,433360614.0,28769441.0,7927793.0,4680171.0
481,6/8/20,7129887,427565,101222.0,4167.0,0.0,0.0,0.0,0.0,0.0,0.0
482,6/8/21,174460181,3750496,367227.0,10369.0,2080002441.0,829465943.0,437837952.0,30969854.0,10036788.0,6062745.0
483,6/9/20,7254439,432765,124552.0,5200.0,0.0,0.0,0.0,0.0,0.0,0.0
484,6/9/21,174880122,3760993,419941.0,10497.0,2199221870.0,891572078.0,466587793.0,33027323.0,10514948.0,6577339.0
485,7/1/20,10675383,541325,217285.0,5324.0,0.0,0.0,0.0,0.0,0.0,0.0
486,7/1/21,183109841,3959446,440986.0,8667.0,2997510236.0,1140372832.0,590187314.0,39366309.0,11879967.0,7678434.0
487,7/10/20,12513271,588378,232688.0,5666.0,0.0,0.0,0.0,0.0,0.0,0.0
488,7/10/21,186957731,4029581,427057.0,6623.0,3096552966.0,1112356295.0,599538318.0,18082596.0,4851450.0,4286213.0
489,7/11/20,12731054,593620,217783.0,5242.0,0.0,0.0,0.0,0.0,0.0,0.0
490,7/11/21,187328258,4037209,370527.0,7628.0,3324298726.0,1277986600.0,689395048.0,17787392.0,5217345.0,4182534.0
491,7/12/20,12925566,597922,194512.0,4302.0,0.0,0.0,0.0,0.0,0.0,0.0
492,7/12/21,187764950,4045267,436692.0,8058.0,3363552974.0,1286678175.0,702095226.0,25817876.0,8977863.0,8080478.0
493,7/13/20,13115541,602203,189975.0,4281.0,0.0,0.0,0.0,0.0,0.0,0.0
494,7/13/21,188284939,4053600,519989.0,8333.0,3394611580.0,1296760632.0,701818546.0,31804033.0,12554983.0,8691571.0
495,7/14/20,13336334,608196,220793.0,5993.0,0.0,0.0,0.0,0.0,0.0,0.0
496,7/14/21,188826409,4062241,541470.0,8641.0,3418976683.0,1293901356.0,705682560.0,35707708.0,13339400.0,9688058.0
497,7/15/20,13567294,614055,230960.0,5859.0,0.0,0.0,0.0,0.0,0.0,0.0
498,7/15/21,189398538,4070778,572129.0,8537.0,3447111869.0,1315540910.0,719816506.0,34138993.0,12563388.0,10131465.0
499,7/16/20,13819150,620242,251856.0,6187.0,0.0,0.0,0.0,0.0,0.0,0.0
500,7/16/21,189996825,4079504,598287.0,8726.0,3352207112.0,1244038878.0,661969232.0,30780287.0,11251801.0,8135269.0
501,7/17/20,14061932,627280,242782.0,7038.0,0.0,0.0,0.0,0.0,0.0,0.0
502,7/17/21,190470815,4086591,473990.0,7087.0,3429067508.0,1283087555.0,693496332.0,26659111.0,9802538.0,6763973.0
503,7/18/20,14299213,633857,237281.0,6577.0,0.0,0.0,0.0,0.0,0.0,0.0
504,7/18/21,190901834,4093687,431019.0,7096.0,3056179394.0,988520936.0,646362424.0,16645479.0,3903137.0,3630984.0
505,7/19/20,14513627,638758,214414.0,4901.0,0.0,0.0,0.0,0.0,0.0,0.0
506,7/19/21,191398363,4100742,496529.0,7055.0,3517079141.0,1316367067.0,739861796.0,21287692.0,4980173.0,5850016.0
507,7/2/20,10885106,546794,209723.0,5469.0,0.0,0.0,0.0,0.0,0.0,0.0
508,7/2/21,183551113,3967726,441272.0,8280.0,2881822748.0,1030049827.0,551699030.0,32199823.0,6784291.0,5933173.0
509,7/20/20,14718982,642544,205355.0,3786.0,0.0,0.0,0.0,0.0,0.0,0.0
510,7/20/21,191928311,4121501,529948.0,20759.0,3543619410.0,1330739622.0,746346329.0,28523052.0,9418213.0,7898929.0
511,7/21/20,14953571,648953,234589.0,6409.0,0.0,0.0,0.0,0.0,0.0,0.0
512,7/21/21,192487127,4130204,558816.0,8703.0,3566365171.0,1313997844.0,737268286.0,29651093.0,7945250.0,8095015.0
513,7/22/20,15233404,656310,279833.0,7357.0,0.0,0.0,0.0,0.0,0.0,0.0
514,7/22/21,193051527,4138965,564400.0,8761.0,3634034754.0,1358225597.0,771430026.0,36987841.0,11654779.0,9382793.0
515,7/23/20,15516109,662950,282705.0,6640.0,0.0,0.0,0.0,0.0,0.0,0.0
516,7/23/21,193741537,4146749,690010.0,7784.0,3565905203.0,1323424803.0,739415939.0,35778770.0,10535566.0,8198259.0
517,7/24/20,15798009,669398,281900.0,6448.0,0.0,0.0,0.0,0.0,0.0,0.0
518,7/24/21,194213568,4155998,472031.0,9249.0,3537300991.0,1298185621.0,723004825.0,28728072.0,8329241.0,6715137.0
519,7/25/20,16054123,675584,256114.0,6186.0,0.0,0.0,0.0,0.0,0.0,0.0
520,7/25/21,194658862,4163313,445294.0,7315.0,3748833484.0,1418248065.0,810520440.0,22408489.0,5667403.0,5107253.0
521,7/26/20,16268493,679914,214370.0,4330.0,0.0,0.0,0.0,0.0,0.0,0.0
522,7/26/21,195199234,4171094,540372.0,7781.0,3841796197.0,1452296524.0,828613818.0,36687289.0,11778662.0,9136418.0
523,7/27/20,16494310,685120,225817.0,5206.0,0.0,0.0,0.0,0.0,0.0,0.0
524,7/27/21,195809468,4180968,610234.0,9874.0,3770606065.0,1411866118.0,812998827.0,39332532.0,11584081.0,10008703.0
525,7/28/20,16744296,691735,249986.0,6615.0,0.0,0.0,0.0,0.0,0.0,0.0
526,7/28/21,196453769,4191133,644301.0,10165.0,3867434192.0,1444286070.0,826634125.0,39160729.0,11945007.0,9348201.0
527,7/29/20,17032535,698780,288239.0,7045.0,0.0,0.0,0.0,0.0,0.0,0.0
528,7/29/21,197106638,4201964,652869.0,10831.0,3915421519.0,1476995625.0,847830017.0,43130132.0,14483647.0,10234748.0
529,7/3/20,11087872,552109,202766.0,5315.0,0.0,0.0,0.0,0.0,0.0,0.0
530,7/3/21,183927814,3974630,376701.0,6904.0,2898972874.0,1032635378.0,544307877.0,30864231.0,10737320.0,6949281.0
531,7/30/20,17312797,705459,280262.0,6679.0,0.0,0.0,0.0,0.0,0.0,0.0
532,7/30/21,197836939,4211604,730301.0,9640.0,3840141066.0,1412036943.0,798520448.0,39389676.0,12330183.0,8685892.0
533,7/31/20,17603582,711989,290785.0,6530.0,0.0,0.0,0.0,0.0,0.0,0.0
534,7/31/21,198347107,4220366,510168.0,8762.0,3444288922.0,1083942054.0,719474468.0,30871294.0,9249540.0,6057481.0
535,7/4/20,11284861,556907,196989.0,4798.0,0.0,0.0,0.0,0.0,0.0,0.0
536,7/4/21,184256333,3981298,328519.0,6668.0,3137974330.0,1208443801.0,632929245.0,20397462.0,6600230.0,3708419.0
537,7/5/20,11468555,560749,183694.0,3842.0,0.0,0.0,0.0,0.0,0.0,0.0
538,7/5/21,184625902,3988587,369569.0,7289.0,3160779689.0,1205346811.0,645226771.0,29333037.0,8953690.0,6971040.0
539,7/6/20,11632139,564898,163584.0,4149.0,0.0,0.0,0.0,0.0,0.0,0.0
540,7/6/21,185079341,3997136,453439.0,8549.0,3151780402.0,1189247312.0,633654056.0,30994327.0,9975575.0,7448640.0
541,7/7/20,11841865,571230,209726.0,6332.0,0.0,0.0,0.0,0.0,0.0,0.0
542,7/7/21,185542796,4005718,463455.0,8582.0,3224397951.0,1231872240.0,655110209.0,31185417.0,11195956.0,9025992.0
543,7/8/20,12055664,576913,213799.0,5683.0,0.0,0.0,0.0,0.0,0.0,0.0
544,7/8/21,186023152,4014560,480356.0,8842.0,3217532988.0,1211521881.0,650885408.0,38122372.0,16930057.0,10586901.0
545,7/9/20,12280583,582712,224919.0,5799.0,0.0,0.0,0.0,0.0,0.0,0.0
546,7/9/21,186530674,4022958,507522.0,8398.0,2815353595.0,885105860.0,562253218.0,25614150.0,8380143.0,6286769.0
547,8/1/20,17854971,718142,251389.0,6153.0,0.0,0.0,0.0,0.0,0.0,0.0
548,8/1/21,198828403,4227771,481296.0,7405.0,3871217962.0,1399626961.0,822629667.0,25660385.0,5463357.0,3242340.0
549,8/10/20,20101896,772110,223488.0,5279.0,0.0,0.0,0.0,0.0,0.0,0.0
550,8/10/21,204525012,4314457,648645.0,11557.0,4352908262.0,1627344794.0,951320547.0,35737453.0,12359338.0,10334042.0
551,8/11/20,20364163,778805,262267.0,6695.0,0.0,0.0,0.0,0.0,0.0,0.0
552,8/11/21,205253537,4324880,728525.0,10423.0,4389315441.0,1617939985.0,960252514.0,35641041.0,13380219.0,9927441.0
553,8/12/20,20637571,785760,273408.0,6955.0,0.0,0.0,0.0,0.0,0.0,0.0
554,8/12/21,205964324,4335555,710787.0,10675.0,3729228219.0,1124020562.0,1578080633.0,28207736.0,8045451.0,7695476.0
555,8/13/20,20926983,792573,289412.0,6813.0,0.0,0.0,0.0,0.0,0.0,0.0
556,8/13/21,206770035,4346032,805711.0,10477.0,3986554767.0,1357857046.0,794713733.0,25389889.0,6590550.0,6629575.0
557,8/14/20,21230383,799206,303400.0,6633.0,0.0,0.0,0.0,0.0,0.0,0.0
558,8/14/21,207303979,4354720,533944.0,8688.0,4125387008.0,1439183231.0,844021617.0,26741903.0,9747632.0,7294774.0
559,8/15/20,21480882,805210,250499.0,6004.0,0.0,0.0,0.0,0.0,0.0,0.0
560,8/15/21,207767991,4361963,464012.0,7243.0,3990142842.0,1278665804.0,896700520.0,16330662.0,6176578.0,3356076.0
561,8/16/20,21696263,810028,215381.0,4818.0,0.0,0.0,0.0,0.0,0.0,0.0
562,8/16/21,208446601,4371776,678610.0,9813.0,4565626497.0,1665448465.0,995900079.0,28874383.0,7864655.0,7890249.0
563,8/17/20,21902858,814531,206595.0,4503.0,0.0,0.0,0.0,0.0,0.0,0.0
564,8/17/21,209129664,4382544,683063.0,10768.0,4584386676.0,1698919939.0,1004391643.0,34191852.0,11330807.0,9864050.0
565,8/18/20,22158999,821583,256141.0,7052.0,0.0,0.0,0.0,0.0,0.0,0.0
566,8/18/21,209857883,4393379,728219.0,10835.0,4679736430.0,1718927620.0,1034990556.0,35492421.0,12130218.0,9836210.0
567,8/19/20,22435425,828639,276426.0,7056.0,0.0,0.0,0.0,0.0,0.0,0.0
568,8/19/21,210573528,4404887,715645.0,11508.0,4599068363.0,1685843986.0,1019203633.0,33513092.0,11065054.0,9834179.0
569,8/2/20,18086360,722817,231389.0,4675.0,0.0,0.0,0.0,0.0,0.0,0.0
570,8/2/21,199406477,4235686,578074.0,7915.0,3599827925.0,1144945070.0,776044525.0,30008204.0,5823362.0,4961623.0
571,8/20/20,22708627,835054,273202.0,6415.0,0.0,0.0,0.0,0.0,0.0,0.0
572,8/20/21,211363647,4415351,790119.0,10464.0,4321192834.0,1502982481.0,902779785.0,30023736.0,9929647.0,7737499.0
573,8/21/20,22969809,840800,261182.0,5746.0,0.0,0.0,0.0,0.0,0.0,0.0
574,8/21/21,211903830,4424283,540183.0,8932.0,4342351824.0,1508353645.0,900135108.0,25855466.0,7381828.0,6086889.0
575,8/22/20,23235385,846676,265576.0,5876.0,0.0,0.0,0.0,0.0,0.0,0.0
576,8/22/21,212350322,4431916,446492.0,7633.0,4715172091.0,1732248769.0,1069170353.0,22171360.0,5995314.0,4911530.0
577,8/23/20,23441948,851024,206563.0,4348.0,0.0,0.0,0.0,0.0,0.0,0.0
578,8/23/21,213054769,4441959,704447.0,10043.0,4631681889.0,1657140252.0,995525136.0,29093701.0,7041095.0,6648360.0
579,8/24/20,23665497,855703,223549.0,4679.0,0.0,0.0,0.0,0.0,0.0,0.0
580,8/24/21,213741695,4453055,686926.0,11096.0,4840389963.0,1803887736.0,1083475187.0,34324330.0,11824173.0,8783185.0
581,8/25/20,23910116,862346,244619.0,6643.0,0.0,0.0,0.0,0.0,0.0,0.0
582,8/25/21,214472013,4464410,730318.0,11355.0,4695728117.0,1669375353.0,1006795481.0,36322289.0,13335213.0,9868761.0
583,8/26/20,24192421,868917,282305.0,6571.0,0.0,0.0,0.0,0.0,0.0,0.0
584,8/26/21,215207701,4476069,735688.0,11659.0,4823313601.0,2840828188.0,1956801387.0,38130792.0,12180612.0,9734032.0
585,8/27/20,24477258,875139,284837.0,6222.0,0.0,0.0,0.0,0.0,0.0,0.0
586,8/27/21,215953403,4486309,745702.0,10240.0,4656513951.0,1653787872.0,991698241.0,40399171.0,13756662.0,10623341.0
587,8/28/20,24760614,880977,283356.0,5838.0,0.0,0.0,0.0,0.0,0.0,0.0
588,8/28/21,216500787,4494814,547384.0,8505.0,4491311513.0,1513060094.0,923564984.0,32669812.0,11329629.0,7884463.0
589,8/29/20,25025925,886660,265311.0,5683.0,0.0,0.0,0.0,0.0,0.0,0.0
590,8/29/21,216947360,4501529,446573.0,6715.0,5056547188.0,1866348453.0,1152740484.0,25551187.0,7989304.0,5886087.0
591,8/3/20,18292586,727571,206226.0,4754.0,0.0,0.0,0.0,0.0,0.0,0.0
592,8/3/21,200043878,4246033,637401.0,10347.0,4133548349.0,1554762041.0,896156720.0,39176202.0,10257347.0,9459040.0
593,8/30/20,25247471,891088,221546.0,4428.0,0.0,0.0,0.0,0.0,0.0,0.0
594,8/30/21,217633893,4511036,686533.0,9507.0,4979869980.0,1800768413.0,1101008319.0,32329152.0,11082601.0,9721721.0
595,8/31/20,25507557,895421,260086.0,4333.0,0.0,0.0,0.0,0.0,0.0,0.0
596,8/31/21,218253078,4520174,619185.0,9138.0,4894523096.0,1720663188.0,1090174291.0,29589232.0,9132409.0,8293112.0
597,8/4/20,18546707,734543,254121.0,6972.0,0.0,0.0,0.0,0.0,0.0,0.0
598,8/4/21,200719281,4256659,675403.0,10626.0,4092477633.0,1518752856.0,870510513.0,43361967.0,16037848.0,9363016.0
599,8/5/20,18824724,742000,278017.0,7457.0,0.0,0.0,0.0,0.0,0.0,0.0
600,8/5/21,201408207,4267608,688926.0,10949.0,4064243068.0,1474374619.0,865267675.0,35922434.0,12066724.0,7996001.0
601,8/6/20,19107728,748831,283004.0,6831.0,0.0,0.0,0.0,0.0,0.0,0.0
602,8/6/21,202230021,4278188,821814.0,10580.0,3956757189.0,1306721522.0,743681152.0,34325664.0,11112299.0,6989229.0
603,8/7/20,19391720,755567,283992.0,6736.0,0.0,0.0,0.0,0.0,0.0,0.0
604,8/7/21,202780949,4286810,550928.0,8622.0,4003978059.0,1427606272.0,808688496.0,30129538.0,9177325.0,5931218.0
605,8/8/20,19651372,761657,259652.0,6090.0,0.0,0.0,0.0,0.0,0.0,0.0
606,8/8/21,203222534,4294261,441585.0,7451.0,4133953380.0,1523638206.0,879886644.0,25370153.0,10848215.0,4345502.0
607,8/9/20,19878408,766831,227036.0,5174.0,0.0,0.0,0.0,0.0,0.0,0.0
608,8/9/21,203876367,4302900,653833.0,8639.0,4186211087.0,1508756124.0,898014387.0,29645455.0,10484435.0,6711524.0
609,9/1/20,25773600,902083,266043.0,6662.0,0.0,0.0,0.0,0.0,0.0,0.0
610,9/1/21,218980419,4532683,727341.0,12509.0,5103712788.0,1851772602.0,1155094051.0,40678563.0,19101573.0,12119370.0
611,9/10/20,28197291,956573,299828.0,6023.0,0.0,0.0,0.0,0.0,0.0,0.0
612,9/10/21,224369697,4617369,634007.0,9195.0,5109978010.0,1859493738.0,1134583332.0,25385432.0,10184908.0,9534223.0
613,9/11/20,28519018,962601,321727.0,6028.0,0.0,0.0,0.0,0.0,0.0,0.0
614,9/11/21,224826264,4625724,456567.0,8355.0,5031839220.0,1785870454.0,1101143995.0,28712450.0,11558285.0,9833509.0
615,9/12/20,28806271,967699,287253.0,5098.0,0.0,0.0,0.0,0.0,0.0,0.0
616,9/12/21,225194512,4631246,368248.0,5522.0,5470725703.0,2046846228.0,1299034750.0,19691590.0,8081184.0,5958224.0
617,9/13/20,29049207,971661,242936.0,3962.0,0.0,0.0,0.0,0.0,0.0,0.0
618,9/13/21,225795807,4640305,601295.0,9059.0,5181663079.0,1819821650.0,1174405521.0,28065223.0,12714995.0,9276716.0
619,9/14/20,29311726,976177,262519.0,4516.0,0.0,0.0,0.0,0.0,0.0,0.0
620,9/14/21,226347185,4650274,551378.0,9969.0,5514593425.0,2047937075.0,1311621972.0,18703823.0,7032724.0,6885630.0
621,9/15/20,29597125,982789,285399.0,6612.0,0.0,0.0,0.0,0.0,0.0,0.0
622,9/15/21,226915146,4660724,567961.0,10450.0,5468136600.0,1986135155.0,2285226255.0,27851610.0,11802710.0,11132214.0
623,9/16/20,29901603,988690,304478.0,5901.0,0.0,0.0,0.0,0.0,0.0,0.0
624,9/16/21,227491699,4671210,576553.0,10486.0,5457403837.0,2006335085.0,1276063229.0,29983833.0,13066692.0,12251520.0
625,9/17/20,30216448,994296,314845.0,5606.0,0.0,0.0,0.0,0.0,0.0,0.0
626,9/17/21,228085242,4679897,593543.0,8687.0,4954616666.0,1716994651.0,1060090703.0,20750486.0,8342357.0,7690332.0
627,9/18/20,30542490,1000184,326042.0,5888.0,0.0,0.0,0.0,0.0,0.0,0.0
628,9/18/21,228622290,4686676,537048.0,6779.0,5097057837.0,2914176142.0,2121738702.0,30657754.0,15195277.0,11289982.0
629,9/19/20,30835250,1005556,292760.0,5372.0,0.0,0.0,0.0,0.0,0.0,0.0
630,9/19/21,228983132,4692710,360842.0,6034.0,5479329702.0,2032049868.0,1296889517.0,20980365.0,9124543.0,7982583.0
631,9/2/20,26056728,908351,283128.0,6268.0,0.0,0.0,0.0,0.0,0.0,0.0
632,9/2/21,219657435,4543898,677016.0,11215.0,5043686360.0,1857009239.0,1138020461.0,31465930.0,12810293.0,10201035.0
633,9/20/20,31087915,1009535,252665.0,3979.0,0.0,0.0,0.0,0.0,0.0,0.0
634,9/20/21,229517203,4700907,534071.0,8197.0,5633596661.0,2111039381.0,1333536484.0,19228457.0,8423784.0,7076435.0
635,9/21/20,31362521,1013858,274606.0,4323.0,0.0,0.0,0.0,0.0,0.0,0.0
636,9/21/21,229986376,4710025,469173.0,9118.0,5561225848.0,2038524679.0,1323664772.0,24719571.0,11790484.0,10891712.0
637,9/22/20,31647372,1020067,284851.0,6209.0,0.0,0.0,0.0,0.0,0.0,0.0
638,9/22/21,230524541,4720161,538165.0,10136.0,5328331360.0,1912606897.0,1217978948.0,20834440.0,8854016.0,7494006.0
639,9/23/20,31923374,1025684,276002.0,5617.0,0.0,0.0,0.0,0.0,0.0,0.0
640,9/23/21,231036255,4729942,511714.0,9781.0,5505813912.0,1999655806.0,1299745353.0,23960245.0,10263768.0,8932282.0
641,9/24/20,32277004,1032270,353630.0,6586.0,0.0,0.0,0.0,0.0,0.0,0.0
642,9/24/21,231583832,4738745,547577.0,8803.0,5016916660.0,1724275738.0,1092716476.0,23982891.0,10905079.0,8691594.0
643,9/25/20,32608259,1038190,331255.0,5920.0,0.0,0.0,0.0,0.0,0.0,0.0
644,9/25/21,231950986,4744126,367154.0,5381.0,5375184443.0,1943714106.0,1232306882.0,14603125.0,5228044.0,5733816.0
645,9/26/20,32897181,1043770,288922.0,5580.0,0.0,0.0,0.0,0.0,0.0,0.0
646,9/26/21,232299314,4749495,348328.0,5369.0,5616231886.0,2064650673.0,1366955893.0,13545571.0,5347346.0,5417251.0
647,9/27/20,33149176,1047612,251995.0,3842.0,0.0,0.0,0.0,0.0,0.0,0.0
648,9/27/21,232771956,4757269,472642.0,7774.0,5864372646.0,2198428408.0,1434349702.0,29675954.0,14175258.0,11551611.0
649,9/28/20,33403328,1051618,254152.0,4006.0,0.0,0.0,0.0,0.0,0.0,0.0
650,9/28/21,233221417,4766652,449461.0,9383.0,5768165805.0,2123349030.0,2450995294.0,20918404.0,8294798.0,8049450.0
651,9/29/20,33686197,1057721,282869.0,6103.0,0.0,0.0,0.0,0.0,0.0,0.0
652,9/29/21,233724214,4776021,502797.0,9369.0,5382740773.0,1879049047.0,1249025588.0,27384578.0,14917874.0,8349464.0
653,9/3/20,26338327,914422,281599.0,6071.0,0.0,0.0,0.0,0.0,0.0,0.0
654,9/3/21,220375552,4554596,718117.0,10698.0,4625682101.0,1566255852.0,968726669.0,23370100.0,8239230.0,7181966.0
655,9/30/20,34012248,1064226,326051.0,6505.0,0.0,0.0,0.0,0.0,0.0,0.0
656,9/30/21,234208971,4784857,484757.0,8836.0,5733007461.0,2136065073.0,1388964421.0,21212270.0,8336504.0,7946768.0
657,9/4/20,26652650,920330,314323.0,5908.0,0.0,0.0,0.0,0.0,0.0,0.0
658,9/4/21,220860270,4562326,484718.0,7730.0,4895547807.0,1738870729.0,1047167622.0,19055081.0,5323362.0,5682856.0
659,9/5/20,26923089,925545,270439.0,5215.0,0.0,0.0,0.0,0.0,0.0,0.0
660,9/5/21,221300336,4568815,440066.0,6489.0,5082400506.0,1855034514.0,1147407582.0,21310506.0,7921541.0,6332916.0
661,9/6/20,27153448,929659,230359.0,4114.0,0.0,0.0,0.0,0.0,0.0,0.0
662,9/6/21,221740843,4576798,440507.0,7983.0,5237657299.0,2997895519.0,2157085305.0,22045286.0,8778702.0,7473879.0
663,9/7/20,27371631,939257,218183.0,9598.0,0.0,0.0,0.0,0.0,0.0,0.0
664,9/7/21,222466360,4587291,725517.0,10493.0,4947440475.0,1755432915.0,1096781726.0,32790972.0,15648324.0,10734666.0
665,9/8/20,27612155,944373,240524.0,5116.0,0.0,0.0,0.0,0.0,0.0,0.0
666,9/8/21,223098056,4597396,631696.0,10105.0,5197145127.0,1868449377.0,1170157694.0,32154902.0,13853417.0,12044003.0
667,9/9/20,27897463,950550,285308.0,6177.0,0.0,0.0,0.0,0.0,0.0,0.0
668,9/9/21,223735690,4608174,637634.0,10778.0,5334262250.0,1994518975.0,1241884491.0,32385501.0,14607422.0,11728783.0
